Pharmacie de Saint-Jean - Mr et Mme Poisson,15 bis Rue Raymond Poincaré,77660,Saint-Jean-les-Deux-Jumeaux
Pharmacie de Quincy-Voisins,22 Rue de Meaux,77860,Quincy-Voisins
Pharmacie du Pays de l'Ourcq,2 Rue Jean Jaurès,77440,Lizy-sur-Ourcq
PHARMACIE DE LA POSTE,2 All. de la Poste,77178,Saint-Pathus
Pharmacie De Mauperthuis,44 Av. Pasteur,77410,Claye-Souilly
Pharmacie Victor Hugo,54 Bd Victor Hugo,77220,Gretz-Armainvilliers
PHARMACIE PRINCIPALE,26 Rue de Paris,77220,Gretz-Armainvilliers
PHARMACIE DE JUILLY,6 Rue de la Source,77230,Juilly
Pharmacie Dufour,4 Pl. de la République,60300,Baron
Pharmacie Des Templiers,38 Rue des Caillets,77120,Coulommiers
Pharmacie du Moulin,9 Pl. Alphonse Vion,77515,Pommeuse
Pharmacie Forum Santé du Canal,69 Rue Jean Jaurès,77440,Lizy-sur-Ourcq
Pharmacie de l'Ourcq,2 Pl. du Marché,77840,Crouy-sur-Ourcq
Pharmacie Saint Georges,1 Rue de la République,77122,Monthyon
Pharmacie Blassel,2 Rue du Vert Buisson,60330,Le Plessis-Belleville
Pharmacie de Magny,40 Rue de la Clef des Champs,77700,Magny-le-Hongre
Pharmacie Vauchier,18 Rue du Général de Gaulle,77174,Villeneuve-le-Comte
Pharmacie de l'Eglise,4 Place de l’Église,77320,Choisy-en-Brie
Pharmacie du Pont de la Ville,4 Rue de la Pêcherie,77120,Coulommiers
Pharmacie Lcce -Pharmacie du centre,80 Rue du Général Leclerc,77450,Esbly
Pharmacie de La Vallée du Morin,2 Pl. du Bouloi,77320,Jouy-sur-Morin
Pharmacie du Faubourg,18 Rue du Faubourg,77260,La Ferté-sous-Jouarre
PHARMACIE RATSIMBAZAFY,2 Rue de la Belle Étoile,77230,Longperrier
Pharmacie du Golf à Bailly-romainvilliers,6 Bd des Sports,77700,Bailly-Romainvilliers
Pharmacie Avicenne,33 Rue d'Esbly,77700,Coupvray
Pharmacie Centrale Noël,19/21 Rue Beaurepaire,77120,Coulommiers
Pharmacie Potellet-Collard,2 bis Rue des Hortensias,77160,Chenoise-Cucharmoy
Pharmacie Delahaye et Servais,16 Rue de la Libération,60620,Betz
PHARMACIE DU BEFFROI,9 Rue du Marché,77580,Crécy-la-chapelle
Pharmacie du Centre,9 Rue de Paris,77220,Tournan-en-Brie
Pharmacie Desabres,58 Bis Rue Victor Clairet,77910,Varreddes
Pharmacie principale de Mareuil - Elsie Santé,30 mail Grande Haie,77100,Mareuil lès Meaux
Pharmacie Des Pelletiers,10 Rue des Pelletiers,77160,La Ferté-sous-Jouarre
Pharmacie Lepesme,2-4 Pl. Charles de Gaulle,77540,Rozay-en-Brie
Pharmacie de la Mairie,60 Rue Charles de Gaulle,77720,Mormant
Pharmacie Rombaux,8 Pl. Marius Haussy,60890,Mareuil-sur-Ourcq
Pharmacie Des Saisons de Meaux,3 Avenue Roland Moreno,77124,Chauconin-Neufmontiers
Pharmacie de l'Hotel de Ville,1 Pl. de l'Hôtel de ville,77260,La Ferté-sous-Jouarre
Pharmacie de Jouarre,23 Grande Place,77640,Jouarre
Pharmacie Lefeuvre-Garriot,34 Av. de Senlis,60800,Crépy-en-Valois
La Pharmacie de Guignes,31 Rue de Troyes,77390,Guignes
Pharmacie de Acy en Multien,36 Rue de la Libération,60620,Acy-en-Multien
Pharmacie des Saints Pères nanteuil les meaux,Avenue Fridingen,77100,Nanteuil-lès-Meaux
Pharmacie Principale,53 Rue nationale,60800,Crépy-en-Valois
Grande Pharmacie Du centre,Rue Gérard de Nerval,77280,Othis
Pharmacie Khin de St Germain sur Morin,20 Rue de Paris,77860,Saint-Germain-sur-Morin
Pharmacie Darras,26 Rue Couperin,77390,Chaumes-en-Brie
Pharmacie wellpharma Principale,4 Bd de la Marne,77120,Coulommiers
Pharmacie de Pontcarré,85 Grande Rue,77135,Pontcarré
Pharmacie ROSSET,56 Av. de Verdun,77470,Trilport
Pharmacie de la Gare,3 Rue du Général Leclerc,77450,Esbly
Pharmacie de Boissy,4 Rue de Rebais,77169,Boissy-le-Châtel
Pharmacie Peda,32 Rue Paul Valentin,77410,Annet-sur-Marne
Pharmacie de St Mard Elsie,24 Av. de la Font du Berger,77230,Saint-Mard
Aprium Pharmacie St Soupplets,35 Rue du Bourget,77165,Saint-Soupplets
Pharmacie des Remparts,6 Rue Charles de Gaulle,60800,Crépy-en-Valois
Pharmacie de la Pierre Collinet,9 Rue Guillaume Briçonnet,77100,Meaux
PHARMACIE LEFEBVRE TOULET KAREN,5 Rue de la Couture,77510,Villeneuve-sur-Bellot
Pharmacie du Haudouin,6 Rue de la Croix Verte,60440,Nanteuil-le-Haudouin
Pharmacie Centrale de Claye,60 Rue Jean Jaurès,77410,Claye-Souilly
Pharmacie du Valois,56 Av. du Président John Kennedy,60800,Crépy-en-Valois
PHARMACIE DU CŒUR DE LA BRIE,29-31 Rue de Paris,77320,La Ferté-Gaucher
PHARMACIE DU MARCHÉ,5 Pl. du Marché,77580,Crécy-la-chapelle
Pharmacie Godart,7 Rue Margueritte Perey,77610,Fontenay-Trésigny
Pharmacie De La Gare,5 place Révolution,77680,Roissy en Brie
Pharmacie d'Ile-de-France,"ZAC vaux, 4 Pl. de l'Île de France",77120,Coulommiers
Pharmacie de Beton-Bazoches,1 Pl. de l'Église Saint-Denis,77320,Beton-Bazoches
Pharmacie Parapharmacie des Sources,46 Rue du Plessis,77178,Saint-Pathus
Pharmacie des Ormes,8 Rue Georges Faroy,77515,Faremoutiers
Pharmacie de l'Église,3 Rue Maréchal Joffre,77470,Trilport
