"CERP","600 Rue des Madeleines","2.8756142","48.9391591"
"Pharmacie du Valois","56 Av. du Président John Kennedy","2.8815242","49.2264085"
"Pharmacie wellpharma Principale","4 Bd de la Marne","3.0923176","48.805226"
"Pharmacie de l'Église","3 Rue Maréchal Joffre","2.9457518","48.9578042"
"PHARMACIE DU MARCHÉ","5 Pl. du Marché","2.9098428","48.8570363"
"Pharmacie de l'Ourcq","2 Pl. du Marché","3.0755252","49.0909641"
"Pharmacie du Pont de la Ville","4 Rue de la Pêcherie","3.0834714","48.8128284"
"Pharmacie Des Pelletiers","10 Rue des Pelletiers","3.1308311","48.9492895"
"Pharmacie de Condé","85 Rue de Condé","3.1326149","48.9469637"
"Aprium Pharmacie St Soupplets","35 Rue du Bourget","2.8050053","49.0379755"
"Pharmacie Des Templiers","38 Rue des Caillets","3.0911424","48.8172802"
"Pharmacie Forum Santé du Canal","69 Rue Jean Jaurès","3.0243413","49.0247148"
"Pharmacie Forum Santé de Rebais SELAS","1 Rue Saint-Nicolas","3.2319883","48.8476302"
"Pharmacie de la Mairie","60 Rue Charles de Gaulle","2.897423","48.6021999"
"Pharmacie Lefeuvre-Garriot","34 Av. de Senlis","2.8785415","49.2324689"
"Pharmacie du Pays de l'Ourcq","2 Rue Jean Jaurès","3.0203526","49.024826"
"PHARMACIE RATSIMBAZAFY","2 Rue de la Belle Étoile","2.663078","49.0468739"
"Pharmacie Lcce -Pharmacie du centre","80 Rue du Général Leclerc","2.8120219","48.9012388"
"Pharmacie Dufour","4 Pl. de la République","2.7339074","49.1721156"
"Pharmacie de Jouarre","23 Grande Place","3.1297299","48.9264117"
"Pharmacie du Faubourg","18 Rue du Faubourg","3.1331926","48.9475974"
"Pharmacie de La Vallée du Morin","2 Pl. du Bouloi","3.2725977","48.7942935"
"Pharmacie Des Saisons de Meaux","3 Avenue Roland Moreno","2.8605157","48.9601323"
"Pharmacie Delahaye et Servais","16 Rue de la Libération","2.9541525","49.1562663"
"Pharmacie de Quincy-Voisins","22 Rue de Meaux","2.877773","48.9017825"
"Pharmacie du Haudouin","6 Rue de la Croix Verte","2.8011493","49.1361277"
"Pharmacie de la Gare","3 Rue du Général Leclerc","2.8120219","48.9012388"
"Pharmacie Desabres","58 Bis Rue Victor Clairet","2.9287606","49.0045241"
"Pharmacie De Mouroux","331 Av. du Général de Gaulle","3.0322447","48.8278167"
"Ma Pharmacie de Bailly","14 Bd des Sports","2.821795","48.8507358"
"Pharmacie Principale","53 Rue nationale","2.887699","49.2368018"
"Pharmacie Godart","7 Rue Margueritte Perey","2.8722456","48.7100369"
"Pharmacie du Moulin","9 Pl. Alphonse Vion","3.0153334","48.8163232"
"Pharmacie Quer","168 Rue du Général de Gaulle","2.6842165","49.05361"
"Pharmacie de Beton-Bazoches","1 Pl. de l'Église Saint-Denis","3.2443578","48.701901"
"Pharmacie Saint Georges","1 Rue de la République","2.8267794","49.0073637"
"Pharmacie Darras","26 Rue Couperin","2.8383541","48.6646539"
"Pharmacie d'Ile-de-France","ZAC vaux, 4 Pl. de l'Île de France","3.0776847","48.8067921"
"Pharmacie du Faubourg","58 Rue Fbg Saint-Nicolas","2.8773541","48.9582708"
"Pharmacie Branger","8 Rue Marcel Sembat","2.8362108","48.6431608"
"Pharmacie de Magny","40 Rue de la Clef des Champs","2.8133687","48.8674287"
"Pharmacie Peda","32 Rue Paul Valentin","2.7225797","48.9247259"
"Pharmacie Potellet-Collard","2 bis Rue des Hortensias","3.1974193","48.61633"
"Pharmacie Avicenne","33 Rue d'Esbly","2.7956584","48.8953187"
"PHARMACIE DU CŒUR DE LA BRIE","29-31 Rue de Paris","3.3049609","48.7808431"
"PHARMACIE DE LA POSTE","2 All. de la Poste","2.801868","49.070316"
"Pharmacie de Chessy","22 Bis rue du Général de Gaulle","2.7633066","48.8786411"
"PHARMACIE LEFEBVRE TOULET KAREN","5 Rue de la Couture","3.3413673","48.8619243"
"PHARMACIE DU PARC","4 Avenue du Parc","2.8642629","48.9440565"
"Pharmacie Parapharmacie des Sources","46 Rue du Plessis","2.7887997","49.0754475"
"PHARMACIE DE JUILLY","6 Rue de la Source","2.7091171","49.0146048"
"Pharmacie du Breon","99 Rue Bertaux","2.8564738","48.711638"
"Pharmacie du Centre","9 Rue de Paris","2.7648607","48.7401234"
"La Pharmacie de Guignes","31 Rue de Troyes","2.8090023","48.6313708"
"Pharmacie de la Pierre Collinet","9 Rue Guillaume Briçonnet","2.8953754","48.9479299"
"Pharmacie de Acy en Multien","36 Rue de la Libération","2.954487","49.1023998"
"Pharmacie Centrale Noël","19/21 Rue Beaurepaire","3.0837998","48.8135336"
"PHARMACIE PRINCIPALE","26 Rue de Paris","2.7478534","48.7389872"
"Pharmacie des Remparts","6 Rue Charles de Gaulle","2.8872588","49.2344076"
"Pharmacie Beauval","17 Allée Jean Louis Barrault","2.9127296","48.9523202"
"Pharmacie principale de Mareuil - Elsie Santé","30 mail Grande Haie","2.8761243","48.9361496"
"Pharmacie Vauchier","18 Rue du Général de Gaulle","2.8298314","48.8137607"
"PHARMACIE DU BEFFROI","9 Rue du Marché","2.9086205","48.8574593"
"Pharmacie Beaujean Dominique","14 Rue de Meaux","3.0260372","48.7906467"
"Pharmacie Khin de St Germain sur Morin","20 Rue de Paris","2.8514287","48.8829414"
"Pharmacie De Mauperthuis","44 Av. Pasteur","2.6806249","48.9413885"
"Pharmacie de l'Hotel de Ville","1 Pl. de l'Hôtel de ville","3.1292941","48.9501465"
"Pharmacie Blassel","2 Rue du Vert Buisson","2.7512803","49.0916518"
"Pharmacie Parisot","26 Grande Rue","2.9553872","48.8255718"
"Pharmacie du Golf à Bailly-romainvilliers","6 Bd des Sports","2.821795","48.8507358"
"Pharmacie Victor Hugo","54 Bd Victor Hugo","2.7224382","48.7394831"
"Pharmacie de Pontcarré","85 Grande Rue","2.7091247","48.7932318"
"Pharmacie De La Gare","5 place Révolution","2.6503414","48.7961464"
"Pharmacie des Ormes","8 Rue Georges Faroy","2.9860057","48.8004612"
"Grande Pharmacie Du centre","Rue Gérard de Nerval","2.6763921","49.0806293"
"Pharmacie des Saints Pères nanteuil les meaux","Avenue Fridingen","2.8833609","48.9368561"
